{"0":{"videoStart":62.01},"1":{"videoStart":61.016999999999996},"2":{"videoStart":60.73},"3":{"videoStart":60.848},"4":{"videoStart":129.662},"5":{"videoStart":64.229},"6":{"videoStart":63.479},"7":{"videoStart":60.573},"8":{"videoStart":120.848},"9":{"videoStart":62.022},"10":{"spot":{"x":0.165,"y":0.35,"w":0.82,"h":0.3622222222222222},"videoStart":61.004},"11":{"videoStart":62.187},"12":{"videoStart":63.705999999999996},"13":{"videoStart":64.143},"14":{"videoStart":60.562999999999995},"15":{"videoStart":60.863},"16":{"videoStart":62.239},"17":{"videoStart":60.843999999999994},"18":{"videoStart":60.977999999999994},"19":{"videoStart":60.744},"20":{"videoStart":240.709},"21":{"videoStart":61.154999999999994},"22":{"videoStart":61.177},"23":{"videoStart":60.845},"24":{"videoStart":60.901999999999994},"25":{"videoStart":60.833999999999996},"26":{"videoStart":60.808},"27":{"videoStart":60.979},"28":{"videoStart":60.76},"29":{"videoStart":60.968999999999994},"30":{"videoStart":60.659},"31":{"videoStart":60.717999999999996},"32":{"videoStart":66.955},"33":{"videoStart":60.964}}