{"0":{"videoStart":10.982000000000001},"1":{"videoStart":10.370000000000001},"2":{"videoStart":11.959000000000001},"3":{"videoStart":36.145999999999994},"4":{"videoStart":20.994},"5":{"videoStart":14.940000000000001},"6":{"videoStart":25.091},"7":{"videoStart":12.726},"8":{"videoStart":12.087000000000002},"9":{"videoStart":11.996},"10":{"spot":{"x":0.165,"y":0.35,"w":0.82,"h":0.3622222222222222},"videoStart":13.648000000000001},"11":{"videoStart":21.27},"12":{"videoStart":16.87},"13":{"videoStart":42.830999999999996},"14":{"videoStart":34.915},"15":{"videoStart":24.847},"16":{"videoStart":69.133},"17":{"videoStart":11.860000000000001},"18":{"videoStart":11},"19":{"videoStart":20.671},"20":{"videoStart":11.047},"21":{"videoStart":12.541},"22":{"videoStart":12.015},"23":{"videoStart":11.762},"24":{"videoStart":12.784},"25":{"videoStart":9.373000000000001}}