{"0":{"videoStart":12.164000000000001},"1":{"videoStart":11.600000000000001},"2":{"videoStart":12.053},"3":{"videoStart":43.72},"4":{"videoStart":22.932000000000002},"5":{"videoStart":25.555},"6":{"videoStart":15.041},"7":{"videoStart":27.521},"8":{"videoStart":13.124},"9":{"videoStart":90.771},"10":{"videoStart":14.350000000000001},"11":{"spot":{"x":0.165,"y":0.35,"w":0.82,"h":0.3622222222222222},"videoStart":13.780000000000001},"12":{"spot":{"x":0.165,"y":0.058333333333333334,"w":0.82,"h":0.9455555555555556},"videoStart":18.394000000000002},"13":{"videoStart":20.429000000000002},"14":{"videoStart":21.897000000000002},"15":{"videoStart":27.701},"16":{"videoStart":22.299},"17":{"videoStart":41.504},"18":{"videoStart":47.018},"19":{"videoStart":19.749000000000002},"20":{"videoStart":24.256},"21":{"videoStart":150.62800000000001},"22":{"videoStart":20.789},"23":{"videoStart":14.860000000000001},"24":{"videoStart":12.83},"25":{"videoStart":30.852},"26":{"videoStart":12.896},"27":{"videoStart":12.691},"28":{"videoStart":13.369000000000002},"29":{"videoStart":12.071000000000002},"30":{"videoStart":3.0669999999999997},"31":{"videoStart":12.675},"32":{"videoStart":12.589},"33":{"videoStart":18.821},"34":{"videoStart":11.274000000000001}}