{"0":{"videoStart":11.692},"1":{"videoStart":10.97},"2":{"videoStart":11.187000000000001},"3":{"videoStart":47.407},"4":{"videoStart":20.452},"5":{"videoStart":39.281},"6":{"videoStart":16.273},"7":{"videoStart":24.925},"8":{"videoStart":15.153},"9":{"videoStart":90.834},"10":{"videoStart":27.489},"11":{"videoStart":36.129999999999995},"12":{"videoStart":20.830000000000002},"13":{"videoStart":28.182000000000002},"14":{"videoStart":21.155},"15":{"videoStart":16.075},"16":{"videoStart":31.097},"17":{"videoStart":70.348},"18":{"videoStart":21.206},"19":{"videoStart":20.533},"20":{"videoStart":26.582},"21":{"videoStart":13.537},"22":{"videoStart":12.123000000000001},"23":{"videoStart":15.119000000000002},"24":{"videoStart":11.934000000000001},"25":{"videoStart":30.741},"26":{"videoStart":11.143},"27":{"videoStart":12.014000000000001},"28":{"videoStart":12.476},"29":{"videoStart":11.421000000000001},"30":{"videoStart":3.0189999999999997},"31":{"videoStart":12.101},"32":{"videoStart":11.884},"33":{"videoStart":17.342000000000002},"34":{"videoStart":9.778}}